{
  "config": {
    "name": "hybrid_b09_60m",
    "model_size": "60m",
    "optimizer_type": "hybrid",
    "beta": 0.9,
    "sinkhorn_iters": 5,
    "alpha": 0.05,
    "adam_lr": 0.01,
    "sinkgd_lr": 0.01,
    "total_steps": 10000,
    "warmup_steps": 1000,
    "micro_batch_size": 64,
    "grad_accum_steps": 8,
    "seq_length": 256,
    "max_grad_norm": 1.0,
    "dtype": "bfloat16",
    "seed": 42,
    "eval_every": 1000,
    "eval_batches": 50,
    "log_every": 100,
    "save_dir": "results"
  },
  "steps": [
    0,
    1,
    100,
    200,
    300,
    400,
    500,
    600,
    700,
    800,
    900,
    1000,
    1100,
    1200,
    1300,
    1400,
    1500,
    1600,
    1700,
    1800,
    1900,
    2000,
    2100,
    2200,
    2300,
    2400,
    2500,
    2600,
    2700,
    2800,
    2900,
    3000,
    3100,
    3200,
    3300,
    3400,
    3500,
    3600,
    3700,
    3800,
    3900,
    4000,
    4100,
    4200,
    4300,
    4400,
    4500,
    4600,
    4700,
    4800,
    4900,
    5000,
    5100,
    5200,
    5300,
    5400,
    5500,
    5600,
    5700,
    5800,
    5900,
    6000,
    6100,
    6200,
    6300,
    6400,
    6500,
    6600,
    6700,
    6800,
    6900,
    7000,
    7100,
    7200,
    7300,
    7400,
    7500,
    7600,
    7700,
    7800,
    7900,
    8000,
    8100,
    8200,
    8300,
    8400,
    8500,
    8600,
    8700,
    8800,
    8900,
    9000,
    9100,
    9200,
    9300,
    9400,
    9500,
    9600,
    9700,
    9800,
    9900,
    10000
  ],
  "train_loss": [
    10.432900547981262,
    3.953433722257614,
    3.2137655913829803,
    2.788795828819275,
    2.6774770319461823,
    2.604302853345871,
    2.590366005897522,
    2.420340120792389,
    2.450430244207382,
    2.4233243465423584,
    2.3437441885471344,
    2.167767971754074,
    2.2544570565223694,
    2.2451014816761017,
    2.235316812992096,
    2.149980917572975,
    2.1137210577726364,
    2.0443843454122543,
    2.163832262158394,
    2.0670596808195114,
    1.99961756169796,
    2.0610767006874084,
    1.981840804219246,
    1.9609779715538025,
    2.041683942079544,
    2.050718232989311,
    1.9454078823328018,
    1.9132207781076431,
    1.96039679646492,
    1.9576368927955627,
    1.9212700575590134,
    1.8985194265842438,
    1.8966272175312042,
    1.8746391385793686,
    1.8858928680419922,
    1.962486371397972,
    1.8507885038852692,
    1.918962448835373,
    1.9001158773899078,
    1.8296132236719131,
    1.946236252784729,
    1.9198613166809082,
    1.8854515552520752,
    1.8471623361110687,
    1.8836351335048676,
    1.8647778928279877,
    1.78911954164505,
    1.8437296003103256,
    1.821316659450531,
    1.8421976268291473,
    1.854984536767006,
    1.789762869477272,
    1.8851484209299088,
    1.8451169431209564,
    1.794963300228119,
    1.798477903008461,
    1.8186435401439667,
    1.8859337121248245,
    1.8456216603517532,
    1.8276442736387253,
    1.8187476098537445,
    1.8166096359491348,
    1.8299544304609299,
    1.9293480962514877,
    1.782250240445137,
    1.8207471072673798,
    1.8195272237062454,
    1.7927837669849396,
    1.8229941725730896,
    1.8374854028224945,
    1.8242746740579605,
    1.7949981987476349,
    1.8309956341981888,
    1.904440388083458,
    1.7698648422956467,
    1.7536310404539108,
    1.7608966380357742,
    1.8010406792163849,
    1.7468947172164917,
    1.8118715286254883,
    1.7645488530397415,
    1.8045207411050797,
    1.7450836300849915,
    1.7718882262706757,
    1.846045732498169,
    1.862227350473404,
    1.7775511145591736,
    1.7553616166114807,
    1.7885299623012543,
    1.7741175591945648,
    1.754196047782898,
    1.8286313712596893,
    1.805207908153534,
    1.7585005015134811,
    1.7660498917102814,
    1.8059859722852707,
    1.812264859676361,
    1.77768175303936,
    1.793737381696701,
    1.7311441153287888,
    1.7552831023931503
  ],
  "val_loss": [
    10.424682064056396,
    2.3355354690551757,
    2.017983796596527,
    1.9302806639671326,
    1.8781307792663575,
    1.8440011548995972,
    1.812517023086548,
    1.7920825338363648,
    1.78182311296463,
    1.7798018980026244,
    1.7797131323814392
  ],
  "val_ppl": [
    33680.761031778486,
    10.334992516650834,
    7.523141448914502,
    6.891444150233839,
    6.5412663568221365,
    6.321782154626591,
    6.125846941817071,
    6.001938700795804,
    5.940677077350821,
    5.928681818539622,
    5.928155578771536
  ],
  "lr": [
    1e-05,
    0.001,
    0.002,
    0.003,
    0.004,
    0.005,
    0.006,
    0.007,
    0.008,
    0.009,
    0.01,
    0.009996954135095479,
    0.009987820251299122,
    0.009972609476841367,
    0.009951340343707852,
    0.00992403876506104,
    0.009890738003669028,
    0.009851478631379982,
    0.009806308479691595,
    0.009755282581475769,
    0.009698463103929543,
    0.009635919272833937,
    0.009567727288213004,
    0.009493970231495836,
    0.009414737964294635,
    0.009330127018922194,
    0.00924024048078213,
    0.009145187862775208,
    0.009045084971874737,
    0.008940053768033609,
    0.00883022221559489,
    0.008715724127386972,
    0.008596699001693256,
    0.008473291852294987,
    0.008345653031794291,
    0.008213938048432696,
    0.008078307376628291,
    0.007938926261462366,
    0.007795964517353734,
    0.007649596321166025,
    0.0075,
    0.007347357813929454,
    0.007191855733945388,
    0.007033683215379002,
    0.006873032967079561,
    0.006710100716628344,
    0.006545084971874737,
    0.006378186779084995,
    0.0062096094779983384,
    0.006039558454088796,
    0.005868240888334653,
    0.005695865504800327,
    0.0055226423163382676,
    0.005348782368720626,
    0.005174497483512506,
    0.005,
    0.004825502516487497,
    0.004651217631279373,
    0.0044773576836617335,
    0.004304134495199674,
    0.0041317591116653484,
    0.003960441545911205,
    0.003790390522001662,
    0.0036218132209150044,
    0.003454915028125263,
    0.0032898992833716566,
    0.00312696703292044,
    0.0029663167846209998,
    0.0028081442660546126,
    0.0026526421860705476,
    0.0025000000000000014,
    0.002350403678833976,
    0.0022040354826462667,
    0.0020610737385376348,
    0.0019216926233717087,
    0.0017860619515673033,
    0.0016543469682057106,
    0.0015267081477050133,
    0.0014033009983067451,
    0.0012842758726130281,
    0.0011697777844051104,
    0.0010599462319663905,
    0.0009549150281252633,
    0.0008548121372247919,
    0.0007597595192178702,
    0.0006698729810778065,
    0.0005852620357053651,
    0.000506029768504166,
    0.0004322727117869951,
    0.00036408072716606344,
    0.00030153689607045843,
    0.00024471741852423234,
    0.00019369152030840553,
    0.00014852136862001763,
    0.00010926199633097155,
    7.59612349389599e-05,
    4.865965629214819e-05,
    2.739052315863355e-05,
    1.2179748700879012e-05,
    3.0458649045211896e-06,
    0.0
  ],