{
  "config": {
    "name": "hybrid_b09_130m",
    "model_size": "130m",
    "optimizer_type": "hybrid",
    "beta": 0.9,
    "sinkhorn_iters": 5,
    "alpha": 0.05,
    "adam_lr": 0.01,
    "sinkgd_lr": 0.01,
    "total_steps": 10000,
    "warmup_steps": 1000,
    "micro_batch_size": 64,
    "grad_accum_steps": 8,
    "seq_length": 256,
    "max_grad_norm": 1.0,
    "dtype": "bfloat16",
    "seed": 42,
    "eval_every": 1000,
    "eval_batches": 50,
    "log_every": 100,
    "save_dir": "results"
  },
  "steps": [
    0,
    1,
    100,
    200,
    300,
    400,
    500,
    600,
    700,
    800,
    900,
    1000,
    1100,
    1200,
    1300,
    1400,
    1500,
    1600,
    1700,
    1800,
    1900,
    2000,
    2100,
    2200,
    2300,
    2400,
    2500,
    2600,
    2700,
    2800,
    2900,
    3000,
    3100,
    3200,
    3300,
    3400,
    3500,
    3600,
    3700,
    3800,
    3900,
    4000,
    4100,
    4200,
    4300,
    4400,
    4500,
    4600,
    4700,
    4800,
    4900,
    5000,
    5100,
    5200,
    5300,
    5400,
    5500,
    5600,
    5700,
    5800,
    5900,
    6000,
    6100,
    6200,
    6300,
    6400,
    6500,
    6600,
    6700,
    6800,
    6900,
    7000,
    7100,
    7200,
    7300,
    7400,
    7500,
    7600,
    7700,
    7800,
    7900,
    8000,
    8100,
    8200,
    8300,
    8400,
    8500,
    8600,
    8700,
    8800,
    8900,
    9000,
    9100,
    9200,
    9300,
    9400,
    9500,
    9600,
    9700,
    9800,
    9900,
    10000
  ],
  "train_loss": [
    10.542773008346558,
    3.9308971166610718,
    3.035371720790863,
    2.7187747061252594,
    2.611557751893997,
    2.4818827509880066,
    2.377264440059662,
    2.330673635005951,
    2.350268006324768,
    2.2458421885967255,
    2.26139035820961,
    2.6370272636413574,
    2.1582999527454376,
    2.105922222137451,
    2.0897280871868134,
    2.052015721797943,
    2.0190270245075226,
    2.0525851249694824,
    1.9563944935798645,
    1.9695594310760498,
    1.9986184686422348,
    1.904679536819458,
    1.9458247274160385,
    1.87199105322361,
    1.9572932571172714,
    1.8008887022733688,
    1.8817850798368454,
    1.8216253966093063,
    1.9452259689569473,
    1.8775235563516617,
    1.8808195292949677,
    1.8763212859630585,
    1.8618598729372025,
    1.8587261885404587,
    1.854644849896431,
    1.8168712556362152,
    1.7685718685388565,
    1.7545762807130814,
    1.8396022468805313,
    1.9099150747060776,
    1.8426491171121597,
    1.7787776738405228,
    1.877101942896843,
    1.8108437210321426,
    1.8134880810976028,
    1.705156147480011,
    1.768647775053978,
    1.8658803403377533,
    1.7067335098981857,
    1.7999656647443771,
    1.7846825867891312,
    1.688055157661438,
    1.7409431040287018,
    1.802720084786415,
    1.7521598637104034,
    1.774266555905342,
    1.6474412083625793,
    1.699650064110756,
    1.7192553877830505,
    1.7135176956653595,
    1.67316472530365,
    1.6877522766590118,
    1.6700216680765152,
    1.7149664461612701,
    1.7542550414800644,
    1.6647271811962128,
    1.6295483857393265,
    1.7213581502437592,
    1.7235946953296661,
    1.7243110686540604,
    1.811237096786499,
    1.8324281126260757,
    1.6781024932861328,
    1.7766485214233398,
    1.624869391322136,
    1.7148614823818207,
    1.6391125172376633,
    1.65443517267704,
    1.6056512296199799,
    1.6894928216934204,
    1.709641456604004,
    1.6974676549434662,
    1.6723877489566803,
    1.6449095606803894,
    1.6586391031742096,
    1.7240274101495743,
    1.7185116410255432,
    1.6254518330097198,
    1.6725165247917175,
    1.65194633603096,
    1.5898430943489075,
    1.7016142755746841,
    1.6624978482723236,
    1.6986148357391357,
    1.6666957139968872,
    1.60147026181221,
    1.6648600548505783,
    1.7856422364711761,
    1.629011943936348,
    1.6667912155389786,
    1.7060853093862534
  ],
  "val_loss": [
    10.541898345947265,
    2.2482674169540404,
    1.9355440211296082,
    1.8439829874038696,
    1.7902619338035584,
    1.7404100155830384,
    1.7092085433006288,
    1.6872698140144349,
    1.6742209029197692,
    1.6715860247612,
    1.671455750465393
  ],
  "val_ppl": [
    37869.38745965137,
    9.47131177823477,
    6.927811906449111,
    6.321667304719576,
    5.991021511932929,
    5.699679901220782,
    5.524587275246196,
    5.404704694667622,
    5.334637329243542,
    5.32059971168822,
    5.319906619454541
  ],
  "lr": [
    1e-05,
    0.001,
    0.002,
    0.003,
    0.004,
    0.005,
    0.006,
    0.007,
    0.008,
    0.009,
    0.01,
    0.009996954135095479,
    0.009987820251299122,
    0.009972609476841367,
    0.009951340343707852,
    0.00992403876506104,
    0.009890738003669028,
    0.009851478631379982,
    0.009806308479691595,
    0.009755282581475769,
    0.009698463103929543,
    0.009635919272833937,
    0.009567727288213004,
    0.009493970231495836,
    0.009414737964294635,
    0.009330127018922194,
    0.00924024048078213,
    0.009145187862775208,
    0.009045084971874737,
    0.008940053768033609,
    0.00883022221559489,
    0.008715724127386972,
    0.008596699001693256,
    0.008473291852294987,
    0.008345653031794291,
    0.008213938048432696,
    0.008078307376628291,
    0.007938926261462366,
    0.007795964517353734,
    0.007649596321166025,
    0.0075,
    0.007347357813929454,
    0.007191855733945388,
    0.007033683215379002,
    0.006873032967079561,
    0.006710100716628344,
    0.006545084971874737,
    0.006378186779084995,
    0.0062096094779983384,
    0.006039558454088796,
    0.005868240888334653,
    0.005695865504800327,
    0.0055226423163382676,
    0.005348782368720626,
    0.005174497483512506,
    0.005,
    0.004825502516487497,
    0.004651217631279373,
    0.0044773576836617335,
    0.004304134495199674,
    0.0041317591116653484,
    0.003960441545911205,
    0.003790390522001662,
    0.0036218132209150044,
    0.003454915028125263,
    0.0032898992833716566,
    0.00312696703292044,
    0.0029663167846209998,
    0.0028081442660546126,
    0.0026526421860705476,
    0.0025000000000000014,
    0.002350403678833976,
    0.0022040354826462667,
    0.0020610737385376348,
    0.0019216926233717087,
    0.0017860619515673033,
    0.0016543469682057106,
    0.0015267081477050133,
    0.0014033009983067451,
    0.0012842758726130281,
    0.0011697777844051104,
    0.0010599462319663905,
    0.0009549150281252633,
    0.0008548121372247919,
    0.0007597595192178702,
    0.0006698729810778065,
    0.0005852620357053651,
    0.000506029768504166,
    0.0004322727117869951,
    0.00036408072716606344,
    0.00030153689607045843,
    0.00024471741852423234,
    0.00019369152030840553,
    0.00014852136862001763,
    0.00010926199633097155,
    7.59612349389599e-05,
    4.865965629214819e-05,
    2.739052315863355e-05,
    1.2179748700879012e-05,
    3.0458649045211896e-06,
    0.0
  ],