{
  "config": {
    "name": "sinkgd_60m",
    "model_size": "60m",
    "optimizer_type": "sinkgd",
    "beta": 0.9,
    "sinkhorn_iters": 5,
    "alpha": 0.05,
    "adam_lr": 0.01,
    "sinkgd_lr": 0.01,
    "total_steps": 10000,
    "warmup_steps": 1000,
    "micro_batch_size": 64,
    "grad_accum_steps": 8,
    "seq_length": 256,
    "max_grad_norm": 1.0,
    "dtype": "bfloat16",
    "seed": 42,
    "eval_every": 1000,
    "eval_batches": 50,
    "log_every": 100,
    "save_dir": "results"
  },
  "steps": [
    0,
    1,
    100,
    200,
    300,
    400,
    500,
    600,
    700,
    800,
    900,
    1000,
    1100,
    1200,
    1300,
    1400,
    1500,
    1600,
    1700,
    1800,
    1900,
    2000,
    2100,
    2200,
    2300,
    2400,
    2500,
    2600,
    2700,
    2800,
    2900,
    3000,
    3100,
    3200,
    3300,
    3400,
    3500,
    3600,
    3700,
    3800,
    3900,
    4000,
    4100,
    4200,
    4300,
    4400,
    4500,
    4600,
    4700,
    4800,
    4900,
    5000,
    5100,
    5200,
    5300,
    5400,
    5500,
    5600,
    5700,
    5800,
    5900,
    6000,
    6100,
    6200,
    6300,
    6400,
    6500,
    6600,
    6700,
    6800,
    6900,
    7000,
    7100,
    7200,
    7300,
    7400,
    7500,
    7600,
    7700,
    7800,
    7900,
    8000,
    8100,
    8200,
    8300,
    8400,
    8500,
    8600,
    8700,
    8800,
    8900,
    9000,
    9100,
    9200,
    9300,
    9400,
    9500,
    9600,
    9700,
    9800,
    9900,
    10000
  ],
  "train_loss": [
    10.418539643287659,
    4.339917778968811,
    3.375545769929886,
    3.0096320807933807,
    2.799360066652298,
    2.59823676943779,
    2.557862788438797,
    2.4966355860233307,
    2.3711439669132233,
    2.3894702196121216,
    2.3298361003398895,
    2.3928988575935364,
    2.25922292470932,
    2.353008061647415,
    2.2668876945972443,
    2.246844619512558,
    2.216915190219879,
    2.0955838710069656,
    2.176051586866379,
    2.124596267938614,
    2.092438444495201,
    2.063708543777466,
    2.1230658292770386,
    1.9947132468223572,
    2.1055580228567123,
    1.9817506074905396,
    1.99314084649086,
    2.0465009957551956,
    2.0007455348968506,
    1.9368553012609482,
    1.9829258620738983,
    1.977963000535965,
    1.887281820178032,
    1.8061914443969727,
    1.872971311211586,
    1.9389964938163757,
    1.9706541895866394,
    1.9515369981527328,
    1.916947677731514,
    1.891836866736412,
    1.9404618740081787,
    1.9044982641935349,
    1.93663589656353,
    1.837220311164856,
    1.8626571595668793,
    1.8941657096147537,
    1.8364887982606888,
    1.8601025342941284,
    1.9315923154354095,
    1.8330499231815338,
    1.8605339378118515,
    1.847635880112648,
    1.811723455786705,
    1.8425424993038177,
    1.7680388689041138,
    1.8425588756799698,
    1.7767386138439178,
    1.9120597541332245,
    1.7992191165685654,
    1.8717932552099228,
    1.814753144979477,
    1.8810023814439774,
    1.7781019806861877,
    1.8025649935007095,
    1.8395175337791443,
    1.7813908159732819,
    1.7748904824256897,
    1.83129420876503,
    1.9024096876382828,
    1.8052739948034286,
    1.8323603719472885,
    1.7599536776542664,
    1.7971524745225906,
    1.8388438820838928,
    1.7787806540727615,
    1.8004233092069626,
    1.8219276815652847,
    1.7921252101659775,
    1.8168404251337051,
    1.8161721527576447,
    1.7784644812345505,
    1.8156866282224655,
    1.8005248755216599,
    1.805853247642517,
    1.8036012202501297,
    1.8984912782907486,
    1.7666420489549637,
    1.7250967174768448,
    1.8600239902734756,
    1.7256369292736053,
    1.797547698020935,
    1.8256649523973465,
    1.8581671863794327,
    1.8300661593675613,
    1.7615845203399658,
    1.7651737928390503,
    1.7798401564359665,
    1.8076404929161072,
    1.856899544596672,
    1.829906702041626,
    1.7965842336416245
  ],
  "val_loss": [
    10.424682064056396,
    2.394635763168335,
    2.1005210161209105,
    1.9759238743782044,
    1.9032032704353332,
    1.8631649231910705,
    1.8303233075141907,
    1.8052419710159302,
    1.7879591107368469,
    1.781713433265686,
    1.781385326385498
  ],
  "val_ppl": [
    33680.761031778486,
    10.964203764849001,
    8.170425727315966,
    7.2132807416024685,
    6.70734550872111,
    6.444099611325039,
    6.235902446766215,
    6.081442803394002,
    5.977241122391313,
    5.9400255414082395,
    5.93807689785877
  ],
  "lr": [
    1e-05,
    0.001,
    0.002,
    0.003,
    0.004,
    0.005,
    0.006,
    0.007,
    0.008,
    0.009,
    0.01,
    0.009996954135095479,
    0.009987820251299122,
    0.009972609476841367,
    0.009951340343707852,
    0.00992403876506104,
    0.009890738003669028,
    0.009851478631379982,
    0.009806308479691595,
    0.009755282581475769,
    0.009698463103929543,
    0.009635919272833937,
    0.009567727288213004,
    0.009493970231495836,
    0.009414737964294635,
    0.009330127018922194,
    0.00924024048078213,
    0.009145187862775208,
    0.009045084971874737,
    0.008940053768033609,
    0.00883022221559489,
    0.008715724127386972,
    0.008596699001693256,
    0.008473291852294987,
    0.008345653031794291,
    0.008213938048432696,
    0.008078307376628291,
    0.007938926261462366,
    0.007795964517353734,
    0.007649596321166025,
    0.0075,
    0.007347357813929454,
    0.007191855733945388,
    0.007033683215379002,
    0.006873032967079561,
    0.006710100716628344,
    0.006545084971874737,
    0.006378186779084995,
    0.0062096094779983384,
    0.006039558454088796,
    0.005868240888334653,
    0.005695865504800327,
    0.0055226423163382676,
    0.005348782368720626,
    0.005174497483512506,
    0.005,
    0.004825502516487497,
    0.004651217631279373,
    0.0044773576836617335,
    0.004304134495199674,
    0.0041317591116653484,
    0.003960441545911205,
    0.003790390522001662,
    0.0036218132209150044,
    0.003454915028125263,
    0.0032898992833716566,
    0.00312696703292044,
    0.0029663167846209998,
    0.0028081442660546126,
    0.0026526421860705476,
    0.0025000000000000014,
    0.002350403678833976,
    0.0022040354826462667,
    0.0020610737385376348,
    0.0019216926233717087,
    0.0017860619515673033,
    0.0016543469682057106,
    0.0015267081477050133,
    0.0014033009983067451,
    0.0012842758726130281,
    0.0011697777844051104,
    0.0010599462319663905,
    0.0009549150281252633,
    0.0008548121372247919,
    0.0007597595192178702,
    0.0006698729810778065,
    0.0005852620357053651,
    0.000506029768504166,
    0.0004322727117869951,
    0.00036408072716606344,
    0.00030153689607045843,
    0.00024471741852423234,
    0.00019369152030840553,
    0.00014852136862001763,
    0.00010926199633097155,
    7.59612349389599e-05,
    4.865965629214819e-05,
    2.739052315863355e-05,
    1.2179748700879012e-05,
    3.0458649045211896e-06,
    0.0
  ],